Page URL,Form Action,Method,Field Count,Required Fields
https://umiwellnesscenter.com,https://umiwellnesscenter.com/,get,1,0
https://umiwellnesscenter.com,/,post,10,4
https://umiwellnesscenter.com/,https://umiwellnesscenter.com/,get,1,0
https://umiwellnesscenter.com/,/,post,10,4
https://umiwellnesscenter.com/about-us/,https://umiwellnesscenter.com/,get,1,0
https://umiwellnesscenter.com/about-us/,/about-us/,post,10,4
https://umiwellnesscenter.com/how-umi-works/,https://umiwellnesscenter.com/,get,1,0
https://umiwellnesscenter.com/how-umi-works/,/how-umi-works/,post,10,4
https://umiwellnesscenter.com/faqs/,https://umiwellnesscenter.com/,get,1,0
https://umiwellnesscenter.com/faqs/,/faqs/,post,10,4
https://umiwellnesscenter.com/providers/,https://umiwellnesscenter.com/,get,1,0
https://umiwellnesscenter.com/staff-volunteers/,https://umiwellnesscenter.com/,get,1,0
https://umiwellnesscenter.com/staff-volunteers/,https://umiwellnesscenter.com/staff-volunteers/,post,7,0
https://umiwellnesscenter.com/founders/,https://umiwellnesscenter.com/,get,1,0
https://umiwellnesscenter.com/privacy-policy/,https://umiwellnesscenter.com/,get,1,0
https://umiwellnesscenter.com/privacy-policy/,https://umiwellnesscenter.com/,get,1,1
https://umiwellnesscenter.com/upcoming-umi-events/,https://umiwellnesscenter.com/,get,1,0
https://umiwellnesscenter.com/upcoming-umi-events/,/upcoming-umi-events/,post,10,4
https://umiwellnesscenter.com/zebra-heard/,https://umiwellnesscenter.com/,get,1,0
https://umiwellnesscenter.com/zebra-heard/,/zebra-heard/,post,10,4
https://umiwellnesscenter.com/roads-we-travel/,https://umiwellnesscenter.com/,get,1,0
https://umiwellnesscenter.com/roads-we-travel/,/roads-we-travel/,post,10,4
https://umiwellnesscenter.com/offerings/,https://umiwellnesscenter.com/,get,1,0
https://umiwellnesscenter.com/offerings/,/offerings/,post,10,4
https://umiwellnesscenter.com/umi-calendar/,https://umiwellnesscenter.com/,get,1,0
https://umiwellnesscenter.com/umi-calendar/,/umi-calendar/,post,10,4
https://umiwellnesscenter.com/patient-advocacy-consulting/,https://umiwellnesscenter.com/,get,1,0
https://umiwellnesscenter.com/patient-advocacy-consulting/,/patient-advocacy-consulting/,post,10,4
https://umiwellnesscenter.com/offerings/classes/,https://umiwellnesscenter.com/,get,1,0
https://umiwellnesscenter.com/offerings/classes/,/offerings/classes/,post,10,4
https://umiwellnesscenter.com/umi-moves/,https://umiwellnesscenter.com/,get,1,0
https://umiwellnesscenter.com/umi-moves/,/umi-moves/,post,10,4
https://umiwellnesscenter.com/community-programs/,https://umiwellnesscenter.com/,get,1,0
https://umiwellnesscenter.com/community-programs/,/community-programs/,post,10,4
https://umiwellnesscenter.com/u-mi-news/,https://umiwellnesscenter.com/,get,1,0
https://umiwellnesscenter.com/u-mi-news/,https://umiwellnesscenter.com/,get,1,1
https://umiwellnesscenter.com/contact-us/,https://umiwellnesscenter.com/,get,1,0
https://umiwellnesscenter.com/contact-us/,/contact-us/,post,10,4
https://umiwellnesscenter.com#www.facebook.com/umiwellnesscenter/,https://umiwellnesscenter.com/,get,1,0
https://umiwellnesscenter.com#www.facebook.com/umiwellnesscenter/,/,post,10,4
https://umiwellnesscenter.com/www.umiwellnesscenter.com/community-programs/,https://umiwellnesscenter.com/,get,1,0
https://umiwellnesscenter.com/www.umiwellnesscenter.com/community-programs/,/community-programs/,post,10,4
https://umiwellnesscenter.com/www.rachelleepac.com,https://umiwellnesscenter.com/,get,1,0
https://umiwellnesscenter.com/www.rachelleepac.com,https://umiwellnesscenter.com/,get,1,1
https://umiwellnesscenter.com/www.umiwellnesscenter.com/umi-moves/,https://umiwellnesscenter.com/,get,1,0
https://umiwellnesscenter.com/www.umiwellnesscenter.com/umi-moves/,/umi-moves/,post,10,4
https://umiwellnesscenter.com/rhythms-for-blues/,https://umiwellnesscenter.com/,get,1,0
https://umiwellnesscenter.com/rhythms-for-blues/,/rhythms-for-blues/,post,10,4
https://umiwellnesscenter.com/umi-news-summer-of-2024/,https://umiwellnesscenter.com/,get,1,0
https://umiwellnesscenter.com/umi-news-summer-of-2024/,https://umiwellnesscenter.com/,get,1,1
https://umiwellnesscenter.com/umi-news-may-2024-eds-hsd-awareness-month/,https://umiwellnesscenter.com/,get,1,0
https://umiwellnesscenter.com/umi-news-may-2024-eds-hsd-awareness-month/,https://umiwellnesscenter.com/,get,1,1
https://umiwellnesscenter.com/umi-news-april-2024-autism-awareness-month/,https://umiwellnesscenter.com/,get,1,0
https://umiwellnesscenter.com/umi-news-april-2024-autism-awareness-month/,https://umiwellnesscenter.com/,get,1,1
https://umiwellnesscenter.com/umi-news-february-2024/,https://umiwellnesscenter.com/,get,1,0
https://umiwellnesscenter.com/umi-news-february-2024/,https://umiwellnesscenter.com/,get,1,1
https://umiwellnesscenter.com/1306-2/,https://umiwellnesscenter.com/,get,1,0
https://umiwellnesscenter.com/1306-2/,https://umiwellnesscenter.com/,get,1,1
https://umiwellnesscenter.com/2024/08/,https://umiwellnesscenter.com/,get,1,0
https://umiwellnesscenter.com/2024/08/,https://umiwellnesscenter.com/,get,1,1
https://umiwellnesscenter.com/2024/05/,https://umiwellnesscenter.com/,get,1,0
https://umiwellnesscenter.com/2024/05/,https://umiwellnesscenter.com/,get,1,1
https://umiwellnesscenter.com/2024/03/,https://umiwellnesscenter.com/,get,1,0
https://umiwellnesscenter.com/2024/03/,https://umiwellnesscenter.com/,get,1,1
https://umiwellnesscenter.com/2024/01/,https://umiwellnesscenter.com/,get,1,0
https://umiwellnesscenter.com/2024/01/,https://umiwellnesscenter.com/,get,1,1
https://umiwellnesscenter.com/2023/12/,https://umiwellnesscenter.com/,get,1,0
https://umiwellnesscenter.com/2023/12/,https://umiwellnesscenter.com/,get,1,1
https://umiwellnesscenter.com/2023/11/,https://umiwellnesscenter.com/,get,1,0
https://umiwellnesscenter.com/2023/11/,https://umiwellnesscenter.com/,get,1,1
https://umiwellnesscenter.com/./newsletter/,https://umiwellnesscenter.com/,get,1,0
https://umiwellnesscenter.com/./newsletter/,https://umiwellnesscenter.com/,get,1,1
https://umiwellnesscenter.com/./uncategorized/,https://umiwellnesscenter.com/,get,1,0
https://umiwellnesscenter.com/./uncategorized/,https://umiwellnesscenter.com/,get,1,1
https://umiwellnesscenter.com/author/rachelleepac/,https://umiwellnesscenter.com/,get,1,0
https://umiwellnesscenter.com/author/rachelleepac/,https://umiwellnesscenter.com/,get,1,1
https://umiwellnesscenter.com/author/umiwellnesscenter_vxg2ut/,https://umiwellnesscenter.com/,get,1,0
https://umiwellnesscenter.com/author/umiwellnesscenter_vxg2ut/,https://umiwellnesscenter.com/,get,1,1
https://umiwellnesscenter.com/umi-news-january-2024/,https://umiwellnesscenter.com/,get,1,0
https://umiwellnesscenter.com/umi-news-january-2024/,https://umiwellnesscenter.com/,get,1,1
https://umiwellnesscenter.com/sarahs-health-journey-food-journal/,https://umiwellnesscenter.com/,get,1,0
https://umiwellnesscenter.com/sarahs-health-journey-food-journal/,https://umiwellnesscenter.com/,get,1,1
https://umiwellnesscenter.com/sarahs-health-journey-first-doctors-visit/,https://umiwellnesscenter.com/,get,1,0
https://umiwellnesscenter.com/sarahs-health-journey-first-doctors-visit/,https://umiwellnesscenter.com/,get,1,1
https://umiwellnesscenter.com/sarahs-health-journey-the-navigator-visit/,https://umiwellnesscenter.com/,get,1,0
https://umiwellnesscenter.com/sarahs-health-journey-the-navigator-visit/,https://umiwellnesscenter.com/,get,1,1
https://umiwellnesscenter.com/launch-of-u-mi-news/,https://umiwellnesscenter.com/,get,1,0
https://umiwellnesscenter.com/launch-of-u-mi-news/,https://umiwellnesscenter.com/,get,1,1
https://umiwellnesscenter.com/www.umiwellnesscenter.com/providers/,https://umiwellnesscenter.com/,get,1,0
https://umiwellnesscenter.com/umi-news-summer-of-2024/#respond,https://umiwellnesscenter.com/,get,1,0
https://umiwellnesscenter.com/umi-news-summer-of-2024/#respond,https://umiwellnesscenter.com/,get,1,1
https://umiwellnesscenter.com/umi-news-may-2024-eds-hsd-awareness-month/#respond,https://umiwellnesscenter.com/,get,1,0
https://umiwellnesscenter.com/umi-news-may-2024-eds-hsd-awareness-month/#respond,https://umiwellnesscenter.com/,get,1,1
https://umiwellnesscenter.com/umi-news-april-2024-autism-awareness-month/#respond,https://umiwellnesscenter.com/,get,1,0
https://umiwellnesscenter.com/umi-news-april-2024-autism-awareness-month/#respond,https://umiwellnesscenter.com/,get,1,1
https://umiwellnesscenter.com/umi-news-february-2024/#respond,https://umiwellnesscenter.com/,get,1,0
https://umiwellnesscenter.com/umi-news-february-2024/#respond,https://umiwellnesscenter.com/,get,1,1
https://umiwellnesscenter.com/1306-2/#respond,https://umiwellnesscenter.com/,get,1,0
https://umiwellnesscenter.com/1306-2/#respond,https://umiwellnesscenter.com/,get,1,1
https://umiwellnesscenter.com/author/umiwellnesscenter_vxg2ut/page/2/,https://umiwellnesscenter.com/,get,1,0
https://umiwellnesscenter.com/author/umiwellnesscenter_vxg2ut/page/2/,https://umiwellnesscenter.com/,get,1,1
https://umiwellnesscenter.com/umi-news-january-2024/#respond,https://umiwellnesscenter.com/,get,1,0
https://umiwellnesscenter.com/umi-news-january-2024/#respond,https://umiwellnesscenter.com/,get,1,1
https://umiwellnesscenter.com/sarahs-health-journey-food-journal/#respond,https://umiwellnesscenter.com/,get,1,0
https://umiwellnesscenter.com/sarahs-health-journey-food-journal/#respond,https://umiwellnesscenter.com/,get,1,1
https://umiwellnesscenter.com/sarahs-health-journey-first-doctors-visit/#respond,https://umiwellnesscenter.com/,get,1,0
https://umiwellnesscenter.com/sarahs-health-journey-first-doctors-visit/#respond,https://umiwellnesscenter.com/,get,1,1
https://umiwellnesscenter.com/sarahs-health-journey-the-navigator-visit/#respond,https://umiwellnesscenter.com/,get,1,0
https://umiwellnesscenter.com/sarahs-health-journey-the-navigator-visit/#respond,https://umiwellnesscenter.com/,get,1,1
https://umiwellnesscenter.com/launch-of-u-mi-news/#respond,https://umiwellnesscenter.com/,get,1,0
https://umiwellnesscenter.com/launch-of-u-mi-news/#respond,https://umiwellnesscenter.com/,get,1,1
